Epoch,Max Confidence
0,0
1,0
2,0
3,0
4,0
5,22.734375
6,7.203125
7,8.3515625
8,9.8515625
9,9.625
10,8.71875
11,21.96875
12,11.5078125
13,12.546875
14,17.390625
15,9.34375
16,11.8828125
17,14.359375
18,15.5859375
19,13.390625
20,10.359375
21,12.890625
22,14.5234375
23,24.203125
24,22.3125
25,18.78125
26,22.78125
27,18.953125
28,19.6875
29,14.3203125
30,17.4375
31,20.046875
32,33.125
33,20.359375
34,18.75
35,22.296875
36,20.859375
37,18.65625
38,19.140625
39,21.6875
40,19.75
41,22.265625
42,14.4453125
43,21.640625
44,25.5625
45,23.71875
46,22.953125
47,22.328125
48,27.390625
49,20.5
50,20.328125
51,19.8125
52,21.65625
53,22.046875
54,18.0625
55,21.4375
56,24.453125
57,22.671875
58,28.671875
59,23.671875
60,18.53125
61,22.984375
62,22.203125
63,21.515625
64,20.828125
65,24.234375
66,28.84375
67,26.859375
68,23.03125
69,26.328125
70,22.75
71,20.8125
72,25.46875
73,22.546875
74,28.9375
75,21.796875
76,27.21875
77,27.875
78,25.734375
79,39.65625
80,31.125
81,26.75
82,29.703125
83,32.5625
84,29.296875
85,28.65625
86,30.734375
87,25.890625
88,30.234375
89,29.15625
90,27.0
91,29.296875
92,29.203125
93,31.359375
94,28.03125
95,32.0625
96,32.5625
97,29.375
98,32.15625
99,32.125
