               epoch,      train/box_loss,      train/obj_loss,      train/cls_loss,   metrics/precision,      metrics/recall,     metrics/mAP_0.5,metrics/mAP_0.5:0.95,        val/box_loss,        val/obj_loss,        val/cls_loss,               x/lr0,               x/lr1,               x/lr2
                   0,            0.049347,            0.028409,            0.015012,           0.0080235,              0.8125,            0.020258,            0.007131,            0.021853,            0.014905,           0.0083534,            0.070028,           0.0033303,           0.0033303
                   1,            0.033232,            0.026953,            0.013185,             0.57989,                 0.5,             0.10032,            0.029192,            0.024942,            0.012426,            0.003726,            0.039962,           0.0065976,           0.0065976
                   2,             0.02996,             0.02186,           0.0071324,             0.45327,               0.875,             0.51813,             0.20055,            0.030431,            0.015766,          0.00022773,           0.0098296,            0.009799,            0.009799
                   3,            0.026718,            0.018898,           0.0034595,             0.67899,             0.95441,               0.905,             0.55872,           0.0095204,           0.0096225,          0.00046558,            0.009703,            0.009703,            0.009703
                   4,            0.023324,            0.016358,           0.0022193,             0.96957,                   1,               0.995,             0.73119,           0.0081056,           0.0073442,          0.00054083,            0.009703,            0.009703,            0.009703
                   5,             0.02002,            0.014259,            0.001444,             0.98411,                   1,               0.995,             0.70113,            0.008726,           0.0068885,          0.00012714,            0.009604,            0.009604,            0.009604
                   6,            0.018023,            0.013302,           0.0012783,             0.95785,                   1,               0.995,             0.63959,           0.0092935,           0.0082659,          0.00020975,            0.009505,            0.009505,            0.009505
                   7,            0.017116,            0.012522,           0.0010822,             0.99151,                   1,               0.995,             0.64862,            0.010051,           0.0064157,          0.00021218,            0.009406,            0.009406,            0.009406
                   8,            0.016405,            0.012088,          0.00090272,             0.98616,                   1,               0.995,             0.70963,           0.0074342,           0.0069375,          0.00011142,            0.009307,            0.009307,            0.009307
                   9,            0.015835,            0.011741,          0.00085609,             0.98545,                   1,               0.995,             0.78968,           0.0070416,           0.0050594,          0.00015054,            0.009208,            0.009208,            0.009208
                  10,            0.014415,            0.011235,          0.00062416,             0.98214,                   1,               0.995,             0.66954,           0.0086569,           0.0053428,           0.0002079,            0.009109,            0.009109,            0.009109
                  11,            0.014535,            0.010965,          0.00073462,             0.99193,                   1,               0.995,             0.87798,            0.006227,           0.0037347,          0.00028991,             0.00901,             0.00901,             0.00901
                  12,            0.014431,            0.010794,          0.00068393,              0.9857,                   1,               0.995,             0.86486,           0.0067394,           0.0046904,          7.4112e-05,            0.008911,            0.008911,            0.008911
                  13,            0.013272,            0.010316,          0.00071038,             0.98699,                   1,               0.995,             0.83837,           0.0069786,           0.0053069,          0.00014438,            0.008812,            0.008812,            0.008812
                  14,            0.013378,            0.010307,          0.00049967,             0.98093,                   1,               0.995,              0.8529,           0.0049161,           0.0044086,          0.00023277,            0.008713,            0.008713,            0.008713
                  15,            0.012756,            0.010133,          0.00052512,             0.98373,                   1,               0.995,             0.87642,           0.0055516,           0.0044223,          0.00035347,            0.008614,            0.008614,            0.008614
                  16,            0.012588,           0.0097873,          0.00048496,             0.99236,                   1,               0.995,              0.8955,           0.0060913,             0.00409,          9.1797e-05,            0.008515,            0.008515,            0.008515
                  17,            0.011862,           0.0096553,          0.00050917,             0.98088,                   1,               0.995,             0.85998,           0.0052348,           0.0033858,          0.00018146,            0.008416,            0.008416,            0.008416
                  18,            0.011673,            0.009888,          0.00045324,              0.9898,                   1,               0.995,             0.86976,           0.0058977,           0.0034997,          0.00035754,            0.008317,            0.008317,            0.008317
                  19,            0.011547,           0.0095738,          0.00040225,             0.99212,                   1,               0.995,             0.92831,           0.0045811,           0.0035226,          0.00010624,            0.008218,            0.008218,            0.008218
                  20,            0.011844,           0.0095917,          0.00035921,             0.98467,                   1,               0.995,             0.91563,           0.0039623,           0.0039408,           8.955e-05,            0.008119,            0.008119,            0.008119
                  21,             0.01137,           0.0094416,          0.00031051,              0.9796,                   1,               0.995,             0.87163,           0.0045661,           0.0042629,          7.8836e-05,             0.00802,             0.00802,             0.00802
                  22,            0.011213,           0.0092463,          0.00029111,             0.98468,                   1,               0.995,             0.90812,           0.0053657,            0.003787,          6.2546e-05,            0.007921,            0.007921,            0.007921
                  23,            0.011256,           0.0094521,          0.00028976,             0.98971,                   1,               0.995,             0.89807,           0.0043728,           0.0030183,          0.00014773,            0.007822,            0.007822,            0.007822
                  24,            0.011402,           0.0094158,          0.00030762,             0.99058,                   1,               0.995,             0.85173,           0.0060706,           0.0037002,          6.9094e-05,            0.007723,            0.007723,            0.007723
                  25,            0.010831,           0.0091744,           0.0003602,             0.98467,                   1,               0.995,             0.85842,           0.0062588,           0.0039033,          8.9186e-05,            0.007624,            0.007624,            0.007624
                  26,            0.010669,           0.0091802,          0.00031875,             0.98356,                   1,               0.995,             0.91776,           0.0043603,           0.0035472,          8.5241e-05,            0.007525,            0.007525,            0.007525
                  27,            0.010529,           0.0089765,          0.00029226,             0.98693,                   1,               0.995,             0.90143,           0.0043665,           0.0031408,          9.2036e-05,            0.007426,            0.007426,            0.007426
                  28,            0.010886,           0.0092555,          0.00031809,             0.98967,                   1,               0.995,             0.93462,             0.00421,           0.0033396,          7.5044e-05,            0.007327,            0.007327,            0.007327
                  29,            0.010535,           0.0091741,          0.00025927,             0.99277,                   1,               0.995,             0.92506,           0.0038403,           0.0034104,          0.00013051,            0.007228,            0.007228,            0.007228
                  30,            0.010338,           0.0089007,          0.00027917,             0.98745,                   1,               0.995,             0.86078,            0.004574,           0.0032305,          4.9257e-05,            0.007129,            0.007129,            0.007129
                  31,            0.010326,           0.0088053,          0.00027229,             0.98669,                   1,               0.995,             0.93462,           0.0036596,           0.0028158,          0.00010427,             0.00703,             0.00703,             0.00703
                  32,           0.0099362,           0.0087859,           0.0003415,             0.98439,                   1,               0.995,             0.90867,           0.0037162,           0.0032974,          7.2226e-05,            0.006931,            0.006931,            0.006931
                  33,            0.010251,            0.008743,          0.00025708,             0.98263,                   1,               0.995,             0.93151,           0.0041454,           0.0035948,          9.7054e-05,            0.006832,            0.006832,            0.006832
                  34,           0.0097615,           0.0087383,          0.00021069,             0.98882,                   1,               0.995,             0.93064,           0.0036155,           0.0033305,          6.4236e-05,            0.006733,            0.006733,            0.006733
                  35,           0.0096364,           0.0085164,          0.00030488,             0.98503,                   1,               0.995,             0.90633,           0.0034767,           0.0034659,          6.8155e-05,            0.006634,            0.006634,            0.006634
                  36,           0.0095454,           0.0086269,          0.00022704,             0.98132,                   1,               0.995,             0.93189,           0.0034746,           0.0031312,           8.058e-05,            0.006535,            0.006535,            0.006535
                  37,            0.009676,           0.0086506,          0.00019191,             0.98443,                   1,               0.995,             0.90833,           0.0039542,           0.0029878,          4.9886e-05,            0.006436,            0.006436,            0.006436
                  38,           0.0096763,           0.0085026,           0.0002279,             0.98744,                   1,               0.995,             0.87973,           0.0044529,           0.0035256,          0.00010552,            0.006337,            0.006337,            0.006337
                  39,           0.0091558,           0.0081834,          0.00023607,             0.98438,                   1,               0.995,             0.96073,           0.0027795,           0.0027616,          5.7092e-05,            0.006238,            0.006238,            0.006238
                  40,           0.0091195,           0.0083368,          0.00026012,             0.98989,                   1,               0.995,             0.89337,           0.0039792,           0.0029786,          7.1079e-05,            0.006139,            0.006139,            0.006139
                  41,           0.0093208,           0.0083841,          0.00020067,             0.97845,                   1,               0.995,              0.9386,           0.0034095,           0.0040376,          8.8727e-05,             0.00604,             0.00604,             0.00604
                  42,           0.0092861,            0.008279,          0.00022248,             0.98697,                   1,               0.995,             0.95602,           0.0029699,           0.0033352,           6.049e-05,            0.005941,            0.005941,            0.005941
                  43,           0.0090002,            0.008184,          0.00019603,             0.98065,                   1,               0.995,             0.93821,           0.0034538,           0.0043251,          0.00012534,            0.005842,            0.005842,            0.005842
                  44,           0.0089637,           0.0081746,          0.00018574,             0.98176,                   1,               0.995,             0.89683,           0.0037003,           0.0038044,          5.9557e-05,            0.005743,            0.005743,            0.005743
                  45,            0.008528,            0.008165,          0.00016272,             0.98308,                   1,               0.995,             0.95845,           0.0027741,           0.0029944,          6.7765e-05,            0.005644,            0.005644,            0.005644
                  46,           0.0090959,           0.0081493,          0.00025526,             0.98573,                   1,               0.995,             0.97057,           0.0031313,           0.0032944,          5.9038e-05,            0.005545,            0.005545,            0.005545
                  47,            0.008648,           0.0080995,          0.00020288,             0.98372,                   1,               0.995,             0.95188,            0.002769,           0.0029706,          5.0908e-05,            0.005446,            0.005446,            0.005446
                  48,           0.0086915,           0.0080593,          0.00016428,             0.98487,                   1,               0.995,             0.93754,           0.0024629,           0.0035233,          8.3333e-05,            0.005347,            0.005347,            0.005347
                  49,            0.008644,           0.0079117,          0.00016983,             0.98402,                   1,               0.995,              0.9398,           0.0023842,           0.0036723,          4.5818e-05,            0.005248,            0.005248,            0.005248
                  50,           0.0086782,            0.007836,          0.00016464,              0.9833,                   1,               0.995,             0.93906,           0.0036648,           0.0040373,          4.0242e-05,            0.005149,            0.005149,            0.005149
                  51,           0.0082622,           0.0078341,          0.00015765,             0.98415,                   1,               0.995,             0.94536,           0.0023824,           0.0030126,          8.3596e-05,             0.00505,             0.00505,             0.00505
                  52,           0.0083354,           0.0079417,          0.00014423,             0.98297,                   1,               0.995,             0.93756,           0.0031167,           0.0039545,          3.3179e-05,            0.004951,            0.004951,            0.004951
                  53,           0.0086246,           0.0080519,          0.00016093,             0.98753,                   1,               0.995,             0.94698,           0.0026502,           0.0034141,          4.0247e-05,            0.004852,            0.004852,            0.004852
                  54,           0.0082355,           0.0077618,          0.00014654,             0.98532,                   1,               0.995,             0.93116,           0.0033763,           0.0034432,          4.1482e-05,            0.004753,            0.004753,            0.004753
                  55,           0.0082875,           0.0078859,          0.00015725,             0.98663,                   1,               0.995,             0.96099,            0.002739,           0.0030643,          6.0382e-05,            0.004654,            0.004654,            0.004654
                  56,           0.0083955,           0.0077531,          0.00021776,             0.98582,                   1,               0.995,             0.91948,           0.0029784,           0.0033655,          4.0984e-05,            0.004555,            0.004555,            0.004555
                  57,           0.0082902,           0.0079114,          0.00021607,             0.98725,                   1,               0.995,             0.92977,           0.0029945,           0.0030067,          3.1742e-05,            0.004456,            0.004456,            0.004456
                  58,           0.0081471,           0.0076632,          0.00013533,             0.98669,                   1,               0.995,             0.92781,           0.0031297,           0.0029063,           5.742e-05,            0.004357,            0.004357,            0.004357
                  59,           0.0082764,           0.0078848,          0.00015588,             0.98634,                   1,               0.995,             0.95813,            0.002489,           0.0030951,          4.8074e-05,            0.004258,            0.004258,            0.004258
                  60,           0.0082673,            0.007847,          0.00012906,             0.98643,                   1,               0.995,             0.92233,           0.0030887,           0.0029474,          3.4156e-05,            0.004159,            0.004159,            0.004159
                  61,           0.0078508,           0.0076018,          0.00012205,             0.98857,                   1,               0.995,             0.91416,           0.0036658,           0.0033806,          2.9207e-05,             0.00406,             0.00406,             0.00406
                  62,           0.0079727,           0.0079451,          0.00013322,             0.98501,                   1,               0.995,             0.94772,           0.0027215,           0.0030007,          4.1005e-05,            0.003961,            0.003961,            0.003961
                  63,           0.0079804,           0.0077622,           0.0001357,             0.98712,                   1,               0.995,             0.94775,           0.0029948,           0.0033545,           3.351e-05,            0.003862,            0.003862,            0.003862
                  64,           0.0079214,           0.0076686,          0.00015271,             0.98361,                   1,               0.995,             0.94615,            0.002961,           0.0037221,          3.0298e-05,            0.003763,            0.003763,            0.003763
                  65,           0.0079902,           0.0076285,          0.00015008,             0.98124,                   1,               0.995,             0.91694,           0.0036953,           0.0032805,          3.0451e-05,            0.003664,            0.003664,            0.003664
                  66,           0.0075208,           0.0073513,          0.00014711,              0.9858,                   1,               0.995,              0.8908,           0.0034759,           0.0032139,          2.4704e-05,            0.003565,            0.003565,            0.003565
                  67,            0.007591,           0.0073843,          9.7838e-05,             0.98602,                   1,               0.995,             0.92423,           0.0031108,           0.0038948,          2.1392e-05,            0.003466,            0.003466,            0.003466
                  68,           0.0075411,           0.0075098,          0.00011223,              0.9831,                   1,               0.995,             0.96081,           0.0028107,           0.0034446,          2.3099e-05,            0.003367,            0.003367,            0.003367
                  69,           0.0075537,            0.007537,          0.00013421,              0.9843,                   1,               0.995,             0.89676,           0.0039699,           0.0036687,          2.8017e-05,            0.003268,            0.003268,            0.003268
                  70,           0.0076921,           0.0075749,          0.00011547,             0.98493,                   1,               0.995,             0.92484,           0.0030836,           0.0026185,          9.7699e-06,            0.003169,            0.003169,            0.003169
                  71,            0.007445,            0.007465,          0.00013159,              0.9832,                   1,               0.995,              0.9542,           0.0030775,             0.00334,          2.6542e-05,             0.00307,             0.00307,             0.00307
                  72,           0.0075992,           0.0075343,           0.0001391,             0.98241,                   1,               0.995,             0.96049,           0.0028168,           0.0034109,           2.602e-05,            0.002971,            0.002971,            0.002971
                  73,           0.0072734,           0.0073457,          9.9975e-05,             0.98591,                   1,               0.995,             0.94131,           0.0027741,           0.0030374,           1.433e-05,            0.002872,            0.002872,            0.002872
                  74,           0.0073171,           0.0072914,          8.0493e-05,             0.98772,                   1,               0.995,             0.94741,           0.0029026,           0.0028702,          1.0356e-05,            0.002773,            0.002773,            0.002773
                  75,           0.0072772,           0.0073101,          6.6531e-05,             0.98622,                   1,               0.995,             0.97005,           0.0028149,           0.0030273,          9.5055e-06,            0.002674,            0.002674,            0.002674
                  76,           0.0075852,           0.0073609,          8.7892e-05,             0.98822,                   1,               0.995,              0.9142,            0.003227,           0.0028829,          1.4891e-05,            0.002575,            0.002575,            0.002575
                  77,           0.0070931,            0.007322,          7.9704e-05,             0.98537,                   1,               0.995,             0.88552,           0.0041611,           0.0029583,           1.113e-05,            0.002476,            0.002476,            0.002476
                  78,            0.007017,           0.0071273,          8.5404e-05,             0.98608,                   1,               0.995,             0.93482,           0.0032259,            0.002813,          9.3635e-06,            0.002377,            0.002377,            0.002377
                  79,           0.0072739,           0.0074047,          0.00011644,             0.98794,                   1,               0.995,             0.93626,           0.0034627,            0.002955,          9.9868e-06,            0.002278,            0.002278,            0.002278
                  80,           0.0072141,           0.0072061,          9.4171e-05,             0.98823,                   1,               0.995,             0.93925,            0.002998,           0.0028281,          1.2541e-05,            0.002179,            0.002179,            0.002179
                  81,           0.0071591,           0.0074913,          0.00011081,             0.98404,                   1,               0.995,             0.92515,           0.0032203,           0.0030599,           1.066e-05,             0.00208,             0.00208,             0.00208
                  82,           0.0072391,            0.007451,          9.8931e-05,             0.98289,                   1,               0.995,             0.93414,           0.0032595,           0.0031779,          8.7544e-06,            0.001981,            0.001981,            0.001981
                  83,           0.0067794,           0.0071402,          6.1546e-05,             0.98603,                   1,               0.995,             0.95396,           0.0025073,            0.003344,          6.8612e-06,            0.001882,            0.001882,            0.001882
                  84,           0.0069696,           0.0069867,          6.0302e-05,             0.98493,                   1,               0.995,             0.93406,           0.0027918,           0.0029348,          5.8964e-06,            0.001783,            0.001783,            0.001783
                  85,            0.006771,           0.0070415,          6.5831e-05,             0.98576,                   1,               0.995,             0.90352,           0.0034874,           0.0028479,          6.1385e-06,            0.001684,            0.001684,            0.001684
                  86,           0.0067874,           0.0070789,          5.9705e-05,             0.98876,                   1,               0.995,             0.89091,           0.0037771,           0.0026828,          6.1385e-06,            0.001585,            0.001585,            0.001585
                  87,           0.0070292,           0.0073353,           6.203e-05,             0.98669,                   1,               0.995,             0.92581,           0.0035161,           0.0031258,          6.5442e-06,            0.001486,            0.001486,            0.001486
                  88,           0.0069734,           0.0073064,          5.7105e-05,             0.98561,                   1,               0.995,             0.94803,           0.0028736,           0.0030628,          5.7191e-06,            0.001387,            0.001387,            0.001387
                  89,            0.006742,           0.0071019,          5.6721e-05,             0.98555,                   1,               0.995,             0.93917,           0.0033338,           0.0029912,          5.7694e-06,            0.001288,            0.001288,            0.001288
                  90,           0.0068368,           0.0069934,          6.9862e-05,              0.9863,                   1,               0.995,             0.93768,           0.0029379,           0.0033225,          5.6941e-06,            0.001189,            0.001189,            0.001189
                  91,           0.0068536,           0.0071144,          4.5917e-05,             0.98709,                   1,               0.995,             0.93842,           0.0032355,           0.0030523,          5.2107e-06,             0.00109,             0.00109,             0.00109
                  92,           0.0066143,            0.007076,          4.2003e-05,             0.98821,                   1,               0.995,             0.93392,           0.0029107,           0.0030685,          4.6391e-06,            0.000991,            0.000991,            0.000991
                  93,           0.0066047,           0.0070493,          5.8119e-05,             0.98583,                   1,               0.995,             0.92994,           0.0032236,           0.0033079,          3.5589e-06,            0.000892,            0.000892,            0.000892
                  94,           0.0066947,           0.0071925,          5.7034e-05,             0.98641,                   1,               0.995,             0.91064,           0.0035621,           0.0029083,          3.9401e-06,            0.000793,            0.000793,            0.000793
                  95,           0.0064175,           0.0069001,          4.7268e-05,             0.98713,                   1,               0.995,             0.88826,           0.0038801,           0.0030831,          4.3213e-06,            0.000694,            0.000694,            0.000694
                  96,           0.0066259,           0.0071588,          4.5884e-05,             0.98513,                   1,               0.995,             0.92758,           0.0035073,           0.0029728,          4.0038e-06,            0.000595,            0.000595,            0.000595
                  97,           0.0063971,           0.0069649,          5.0066e-05,             0.98449,                   1,               0.995,             0.89747,           0.0037463,           0.0032551,           3.559e-06,            0.000496,            0.000496,            0.000496
                  98,           0.0064025,           0.0067874,          4.1347e-05,             0.98567,                   1,               0.995,             0.92262,           0.0035538,           0.0033709,          3.7498e-06,            0.000397,            0.000397,            0.000397
                  99,           0.0065206,           0.0068108,          4.5502e-05,             0.98617,                   1,               0.995,             0.93394,           0.0035117,           0.0033638,          3.9405e-06,            0.000298,            0.000298,            0.000298
